{"name":"fcf1f249-5ecc-484d-823a-144805c9ff03","id":"/providers/Microsoft.Flow/flows/fcf1f249-5ecc-484d-823a-144805c9ff03","type":"Microsoft.Flow/flows","properties":{"apiId":"/providers/Microsoft.PowerApps/apis/shared_logicflows","displayName":"eRoutingAuto","definition":{"metadata":{"workflowEntityId":null,"processAdvisorMetadata":null,"flowclientsuspensionreason":"None","flowclientsuspensiontime":null,"flowclientsuspensionreasondetails":null,"creator":{"id":"7ccb6f4b-203e-4bf8-a0b2-577dca5a24f4","type":"User","tenantId":"8331b18d-2d87-48ef-a35f-ac8818ebf9b4"},"provisioningMethod":"FromDefinition","failureAlertSubscription":true,"clientLastModifiedTime":"2022-07-23T23:01:36.5771484Z"},"$schema":"https://schema.management.azure.com/providers/Microsoft.Logic/schemas/2016-06-01/workflowdefinition.json#","contentVersion":"1.0.0.0","parameters":{"$connections":{"defaultValue":{},"type":"Object"},"$authentication":{"defaultValue":{},"type":"SecureObject"}},"triggers":{"When_Routing_List_Item_is_Created_or_Modified":{"recurrence":{"frequency":"Minute","interval":5},"splitOn":"@triggerOutputs()?['body/value']","metadata":{"operationMetadataId":"5e04f1bd-b91c-435e-8772-0f3d2bcf66a9"},"type":"OpenApiConnection","inputs":{"host":{"apiId":"/providers/Microsoft.PowerApps/apis/shared_sharepointonline","connectionName":"shared_sharepointonline","operationId":"GetOnUpdatedItems"},"parameters":{"dataset":"https://usaf.dps.mil/teams/23840/","table":"0d0ef2e1-02e1-411b-aa6b-6bfd04d0cc9a","view":"4cb8d6d6-0d85-4950-9637-f616ffeb9f33"},"authentication":"@parameters('$authentication')"}}},"actions":{"Get_Routing_List_Item":{"runAfter":{},"metadata":{"operationMetadataId":"74678335-cae4-4939-a3f4-0aa7703e5c00"},"type":"OpenApiConnection","inputs":{"host":{"apiId":"/providers/Microsoft.PowerApps/apis/shared_sharepointonline","connectionName":"shared_sharepointonline","operationId":"GetItems"},"parameters":{"dataset":"https://usaf.dps.mil/teams/23840/","table":"eRouting1","$filter":"Id eq @{triggerOutputs()?['body/ID']}","view":"4cb8d6d6-0d85-4950-9637-f616ffeb9f33"},"authentication":"@parameters('$authentication')"}},"Set_Routing_Item":{"runAfter":{"Get_Routing_List_Item":["Succeeded"]},"metadata":{"operationMetadataId":"8a957c92-8487-4308-8574-74e7fcf7e33e"},"type":"InitializeVariable","inputs":{"variables":[{"name":"Item","type":"array","value":"@outputs('Get_Routing_List_Item')?['body/value']"}]}},"iCurrentRoute":{"runAfter":{"nextRouteEmail":["Succeeded"]},"metadata":{"operationMetadataId":"a9cc5eef-7a13-4379-bbae-9fe6b6b2270b"},"type":"InitializeVariable","inputs":{"variables":[{"name":"iCurrentRoute","type":"float","value":"@variables('Item')[0]['CurrentRoute']"}]}},"iCurrentSig":{"runAfter":{"iComments":["Succeeded"]},"metadata":{"operationMetadataId":"c6f33da7-7de4-41cd-9fd9-cc3ebf4ca268"},"type":"InitializeVariable","inputs":{"variables":[{"name":"iCurrentSig","type":"string","value":"''"}]}},"iNextRoute":{"runAfter":{"iCurrentSig":["Succeeded"]},"metadata":{"operationMetadataId":"17439dd0-1e71-40a3-b606-98047b4cd9ef"},"type":"InitializeVariable","inputs":{"variables":[{"name":"iNextRoute","type":"string","value":"''"}]}},"Initialize_ContactsItem_as_an_empty_Array":{"runAfter":{"Set_Routing_Item":["Succeeded"]},"metadata":{"operationMetadataId":"2cef2eea-8fbd-43e6-a001-f0f811be2e78"},"type":"InitializeVariable","inputs":{"variables":[{"name":"ContactsItem","type":"array","value":[]}]}},"nextRouteTitle":{"runAfter":{"iDecrement":["Succeeded"]},"metadata":{"operationMetadataId":"0c7d1698-666a-4356-8bfe-004411b170a5"},"type":"InitializeVariable","inputs":{"variables":[{"name":"nextRouteTitle","type":"string","value":"''"}]}},"nextRouteEmail":{"runAfter":{"oldRouteTitle":["Succeeded"]},"metadata":{"operationMetadataId":"d98caa84-12be-40a9-83e4-0c4d66856fc7"},"type":"InitializeVariable","inputs":{"variables":[{"name":"nextRouteEmail","type":"string","value":"''"}]}},"iLink":{"runAfter":{"oldRoute":["Succeeded"]},"metadata":{"operationMetadataId":"3dda6735-6819-4922-860a-6365125a6222"},"type":"InitializeVariable","inputs":{"variables":[{"name":"iLink","type":"string","value":"<a href=\"microsoft-edge:https://usaf.dps.mil/teams/23840/Lists/eRouting1/EditForm.aspx?&amp;Id=@{triggerOutputs()?['body/ID']}&Source=https://usaf.dps.mil/teams/23840/SiteAssets/eRoutingAuto.aspx\">eRouting Form</a>"}]}},"iComments":{"runAfter":{"iCurrentRoute":["Succeeded"]},"metadata":{"operationMetadataId":"23fe3020-7cee-4806-8865-08df675408c4"},"type":"InitializeVariable","inputs":{"variables":[{"name":"iComments","type":"string","value":"@{variables('Item')[0]?['Comments']}"}]}},"iDecrement":{"runAfter":{"Initialize_ContactsItem_as_an_empty_Array":["Succeeded"]},"metadata":{"operationMetadataId":"c5456172-c58c-48fa-aae1-73396ff4b60d"},"type":"InitializeVariable","inputs":{"variables":[{"name":"iDecrement","type":"boolean","value":"@false"}]}},"iCommentTEMP":{"runAfter":{"iNextRoute":["Succeeded"]},"metadata":{"operationMetadataId":"14b4356c-5646-4f0e-87a8-82b2bafea8e1"},"type":"InitializeVariable","inputs":{"variables":[{"name":"iCommentTEMP","type":"string","value":"@{variables('Item')[0]?['Comments']}"}]}},"Set_iComments_to_NULL":{"runAfter":{"iCommentTEMP":["Succeeded"]},"metadata":{"operationMetadataId":"b48e9969-e913-47b4-9042-90cc49892fa2"},"type":"SetVariable","inputs":{"name":"iComments","value":"@{null}"}},"oldRoute":{"runAfter":{"Set_iComments_to_NULL":["Succeeded"]},"metadata":{"operationMetadataId":"3dd6760f-e884-4ad9-9559-629cf932239d"},"type":"InitializeVariable","inputs":{"variables":[{"name":"oldRoute","type":"float","value":"@variables('iCurrentRoute')"}]}},"If_item_was_just_Signed_OR_its_the_first_time_created_(newForm)":{"actions":{"iCurrentRoute++":{"runAfter":{},"metadata":{"operationMetadataId":"743fbf98-dd70-4806-86e5-d5b9d9e24547"},"type":"IncrementVariable","inputs":{"name":"iCurrentRoute","value":1}},"Check_if_any_Sig_block's_left":{"actions":{"Apply_to_Each_(AO_Email)":{"foreach":"@outputs('Get_Routing_List_Item')?['body/value']","actions":{"Next_Route_Email":{"runAfter":{},"metadata":{"operationMetadataId":"00065716-222e-485e-a2a7-fceb2270ec2b"},"type":"OpenApiConnection","inputs":{"host":{"apiId":"/providers/Microsoft.PowerApps/apis/shared_office365","connectionName":"shared_office365","operationId":"SendEmailV2"},"parameters":{"emailMessage/To":"@variables('nextRouteEmail')","emailMessage/Subject":"eRouting for @{triggerOutputs()?['body/Subject']}","emailMessage/Body":"<p>Welcome,<br>\n<br>\nThe eRouting item @{triggerOutputs()?['body/Subject']} is awaiting your action. Please follow the below link to take action on the item.<br>\n<br>\n@{variables('iLink')}<br>\n</p>"},"authentication":"@parameters('$authentication')"}}},"runAfter":{"Apply_to_each_2":["Succeeded"]},"metadata":{"operationMetadataId":"55023094-61c4-43f2-ac7a-7d0169243c52"},"type":"Foreach"},"Apply_to_each_2":{"foreach":"@outputs('Get_Routing_List_Item')?['body/value']","actions":{"AO_Email":{"runAfter":{},"metadata":{"operationMetadataId":"7359f60a-0225-4649-96d1-d13daed9226b"},"type":"OpenApiConnection","inputs":{"host":{"apiId":"/providers/Microsoft.PowerApps/apis/shared_office365","connectionName":"shared_office365","operationId":"SendEmailV2"},"parameters":{"emailMessage/To":"@triggerOutputs()?['body/AO/Email']","emailMessage/Subject":"eRouting Form Status:@{triggerOutputs()?['body/Subject']}","emailMessage/Body":"<p>Your eRouting form is at @{variables('nextRouteTitle')} for next Routing. You can view the form at @{variables('iLink')}</p>"},"authentication":"@parameters('$authentication')"}}},"runAfter":{"Set_nextRouteTitle":["Succeeded"]},"metadata":{"operationMetadataId":"dc7bb974-9668-46ec-9892-3ea08e2fc4ed"},"type":"Foreach"},"Apply_to_Each_(Update_Item)":{"foreach":"@outputs('Get_Routing_List_Item')?['body/value']","actions":{"Update_item":{"runAfter":{},"metadata":{"operationMetadataId":"5fcd1a63-09ea-4031-a5d5-dee65aea0981"},"type":"OpenApiConnection","inputs":{"host":{"apiId":"/providers/Microsoft.PowerApps/apis/shared_sharepointonline","connectionName":"shared_sharepointonline","operationId":"PatchItem"},"parameters":{"dataset":"https://usaf.dps.mil/teams/23840/","table":"eRouting1","id":"@triggerOutputs()?['body/ID']","view":"4cb8d6d6-0d85-4950-9637-f616ffeb9f33","item/Phone":"@items('Apply_to_Each_(Update_Item)')?['Phone']","item/Initials":"@items('Apply_to_Each_(Update_Item)')?['Initials']","item/Suspense":"@items('Apply_to_Each_(Update_Item)')?['Suspense']","item/Date":"@items('Apply_to_Each_(Update_Item)')?['Date']","item/Subject":"@items('Apply_to_Each_(Update_Item)')?['Subject']","item/CurrentRoute":"@variables('iCurrentRoute')","item/Complete/Value":"No","item/Comments":"@variables('iComments')"},"authentication":"@parameters('$authentication')"}}},"runAfter":{"Apply_to_Each_(AO_Email)":["Succeeded"]},"metadata":{"operationMetadataId":"b45927b4-47e5-4447-9dc2-0ad84d8b4ef9"},"type":"Foreach"},"Set_nextRouteTitle":{"runAfter":{"Set_nextRouteEmail":["Succeeded"]},"metadata":{"operationMetadataId":"6b5bfd5a-699b-43b1-8f85-586fdd7141d0"},"type":"SetVariable","inputs":{"name":"nextRouteTitle","value":"@{variables('ContactsItem')[0]['Title']}"}},"Set_nextRouteEmail":{"runAfter":{"Set_ContactsItem":["Succeeded"]},"metadata":{"operationMetadataId":"97b42c0e-dfc3-4a80-8ffe-a929c0a40317"},"type":"SetVariable","inputs":{"name":"nextRouteEmail","value":"@{variables('ContactsItem')[0]['Person']['Email']}"}},"Get_Contacts":{"runAfter":{},"metadata":{"operationMetadataId":"429db392-3141-4603-8e91-494ccbcc76f0"},"type":"OpenApiConnection","inputs":{"host":{"apiId":"/providers/Microsoft.PowerApps/apis/shared_sharepointonline","connectionName":"shared_sharepointonline","operationId":"GetItems"},"parameters":{"dataset":"https://usaf.dps.mil/teams/23840/","table":"eRoutingContacts1","$filter":"Id eq @{variables('Item')[0][concat('OData__x0050_os', string(variables('iCurrentRoute')))]['Id']}","view":"343f961e-c06c-4c9d-a5ce-5846353646d2"},"authentication":"@parameters('$authentication')"}},"Set_ContactsItem":{"runAfter":{"Get_Contacts":["Succeeded"]},"metadata":{"operationMetadataId":"4f200472-5da8-470a-aafa-50d986ea55c9"},"type":"SetVariable","inputs":{"name":"ContactsItem","value":"@outputs('Get_Contacts')?['body/value']"}}},"runAfter":{"iCurrentRoute++":["Succeeded"]},"else":{"actions":{"AO_Final_Email":{"runAfter":{},"metadata":{"operationMetadataId":"67ad0e6a-e0a5-45c4-bd17-4821c4fd8bcf"},"type":"OpenApiConnection","inputs":{"host":{"apiId":"/providers/Microsoft.PowerApps/apis/shared_office365","connectionName":"shared_office365","operationId":"SendEmailV2"},"parameters":{"emailMessage/To":"@triggerOutputs()?['body/AO/Email']","emailMessage/Subject":"The eRouting Form @{triggerOutputs()?['body/Subject']} is Complete","emailMessage/Body":"<p>Your eRouting Form has completed its routing. You can View it at: @{variables('iLink')}</p>"},"authentication":"@parameters('$authentication')"}},"Final_Update":{"runAfter":{"AO_Final_Email":["Succeeded"]},"metadata":{"operationMetadataId":"6307912c-9474-409a-aed3-7eeacc7516d9"},"type":"OpenApiConnection","inputs":{"host":{"apiId":"/providers/Microsoft.PowerApps/apis/shared_sharepointonline","connectionName":"shared_sharepointonline","operationId":"PatchItem"},"parameters":{"dataset":"https://usaf.dps.mil/teams/23840/","table":"eRouting1","id":"@triggerOutputs()?['body/ID']","view":"4cb8d6d6-0d85-4950-9637-f616ffeb9f33","item/Phone":"@triggerOutputs()?['body/Phone']","item/Initials":"@triggerOutputs()?['body/Initials']","item/Suspense":"@triggerOutputs()?['body/Suspense']","item/Date":"@triggerOutputs()?['body/Date']","item/Subject":"@triggerOutputs()?['body/Subject']","item/CurrentRoute":"@variables('iCurrentRoute')","item/Complete/Value":"Yes","item/Comments":"@variables('iComments')"},"authentication":"@parameters('$authentication')"}}}},"expression":{"lessOrEquals":["@variables('iCurrentRoute')","@triggerOutputs()?['body/MaxRoutes']"]},"metadata":{"operationMetadataId":"f76dcf02-4f45-4a67-81ef-aae80c4fae49"},"type":"If"}},"runAfter":{"If_Comments_has_TEXT":["Succeeded"]},"expression":{"or":[{"not":{"equals":["@variables('Item')[0]?[concat('OData__x0053_ig', string(variables('iCurrentRoute')))]","@null"]}},{"equals":["@variables('iCurrentRoute')",0]}]},"metadata":{"operationMetadataId":"718e99fc-b68b-4014-bdfa-720659da8bc7"},"type":"If"},"oldRouteTitle":{"runAfter":{"nextRouteTitle":["Succeeded"]},"metadata":{"operationMetadataId":"0b939bd5-01a0-4ba1-8281-f23e35449b17"},"type":"InitializeVariable","inputs":{"variables":[{"name":"oldRouteTitle","type":"string","value":"''"}]}},"If_Comments_has_TEXT":{"actions":{"send_Comments_email":{"runAfter":{"set_oldRouteTitle":["Succeeded"]},"metadata":{"operationMetadataId":"2c2b9baa-e2b1-4bb5-b2fd-9cbaea37ecf5"},"type":"OpenApiConnection","inputs":{"host":{"apiId":"/providers/Microsoft.PowerApps/apis/shared_office365","connectionName":"shared_office365","operationId":"SendEmailV2"},"parameters":{"emailMessage/To":"@triggerOutputs()?['body/AO/Email']","emailMessage/Subject":"@{triggerOutputs()?['body/Subject']} @{variables('oldRouteTitle')}  Comment(s)","emailMessage/Body":"<p>Regarding your eRouting Form @{triggerOutputs()?['body/Subject']}, @{variables('oldRouteTitle')} has left the below comments:<br>\n@{variables('iCommentTEMP')}<br>\n<br>\nYou can view your form at: @{variables('iLink')}</p>","emailMessage/Importance":"Normal"},"authentication":"@parameters('$authentication')"}},"set_oldRouteTitle":{"runAfter":{"set_Old_Contact":["Succeeded"]},"metadata":{"operationMetadataId":"6b5bfd5a-699b-43b1-8f85-586fdd7141d0"},"type":"SetVariable","inputs":{"name":"oldRouteTitle","value":"@{variables('ContactsItem')[0]['Title']}"}},"Get_oldRoute_Contact":{"runAfter":{},"metadata":{"operationMetadataId":"429db392-3141-4603-8e91-494ccbcc76f0"},"type":"OpenApiConnection","inputs":{"host":{"apiId":"/providers/Microsoft.PowerApps/apis/shared_sharepointonline","connectionName":"shared_sharepointonline","operationId":"GetItems"},"parameters":{"dataset":"https://usaf.dps.mil/teams/23840/","table":"eRoutingContacts1","$filter":"Id eq @{variables('Item')[0][concat('OData__x0050_os', string(variables('oldRoute')))]['Id']}","view":"343f961e-c06c-4c9d-a5ce-5846353646d2"},"authentication":"@parameters('$authentication')"}},"set_Old_Contact":{"runAfter":{"Get_oldRoute_Contact":["Succeeded"]},"metadata":{"operationMetadataId":"4f200472-5da8-470a-aafa-50d986ea55c9"},"type":"SetVariable","inputs":{"name":"ContactsItem","value":"@outputs('Get_oldRoute_Contact')?['body/value']"}},"Do_We_Need_to_Update_Or_Save_Now":{"actions":{},"runAfter":{"send_Comments_email":["Succeeded"]},"else":{"actions":{"Updates_Comments":{"runAfter":{},"metadata":{"operationMetadataId":"6307912c-9474-409a-aed3-7eeacc7516d9"},"type":"OpenApiConnection","inputs":{"host":{"apiId":"/providers/Microsoft.PowerApps/apis/shared_sharepointonline","connectionName":"shared_sharepointonline","operationId":"PatchItem"},"parameters":{"dataset":"https://usaf.dps.mil/teams/23840/","table":"eRouting1","id":"@triggerOutputs()?['body/ID']","view":"4cb8d6d6-0d85-4950-9637-f616ffeb9f33","item/Phone":"@triggerOutputs()?['body/Phone']","item/Initials":"@triggerOutputs()?['body/Initials']","item/Suspense":"@triggerOutputs()?['body/Suspense']","item/Date":"@triggerOutputs()?['body/Date']","item/Subject":"@triggerOutputs()?['body/Subject']","item/CurrentRoute":"@variables('iCurrentRoute')","item/Complete/Value":"No","item/Comments":"@variables('iComments')"},"authentication":"@parameters('$authentication')"}}}},"expression":{"or":[{"not":{"equals":["@variables('Item')[0]?[concat('OData__x0053_ig', string(variables('iCurrentRoute')))]","@null"]}},{"equals":["@variables('iCurrentRoute')",0]}]},"metadata":{"operationMetadataId":"718e99fc-b68b-4014-bdfa-720659da8bc7"},"type":"If"}},"runAfter":{"iLink":["Succeeded"]},"expression":{"not":{"equals":["@variables('iCommentTEMP')",""]}},"metadata":{"operationMetadataId":"ce8594b7-944c-452d-93ef-01b2f0d2fd3d"},"type":"If"}}},"connectionReferences":{"shared_sharepointonline":{"connectionName":"eb22c214a46848249181c9cc9ae5c2d9","source":"Embedded","id":"/providers/Microsoft.PowerApps/apis/shared_sharepointonline","tier":"NotSpecified"},"shared_office365":{"connectionName":"shared-office365-d8264bb3-953c-448b-a73d-7749342e9bc9","source":"Embedded","id":"/providers/Microsoft.PowerApps/apis/shared_office365","tier":"NotSpecified"}},"flowFailureAlertSubscribed":false,"isManaged":false}}